<?xml version="1.0" encoding="UTF-8"?>
<beans xmlns="http://www.springframework.org/schema/beans"
       xmlns:xsi="http://www.w3.org/2001/XMLSchema-instance"
       xmlns:mvc="http://www.springframework.org/schema/mvc"
       xmlns:util="http://www.springframework.org/schema/util"
       xmlns:context="http://www.springframework.org/schema/context"
       xsi:schemaLocation="
            http://www.springframework.org/schema/beans
            http://www.springframework.org/schema/beans/spring-beans-4.2.xsd
            http://www.springframework.org/schema/context
            http://www.springframework.org/schema/context/spring-context-4.2.xsd
            http://www.springframework.org/schema/mvc
            http://www.springframework.org/schema/mvc/spring-mvc-4.2.xsd
            http://www.springframework.org/schema/util
            http://www.springframework.org/schema/util/spring-util-4.2.xsd">
            
<!-- 	<context:property-placeholder location="classpath*:conf/*.properties" />
	<util:properties id="settings" location="classpath*:conf/*.properties" /> -->

	<mvc:cors>
		<mvc:mapping path="/**" allowed-origins="*"
			allowed-methods="POST, GET, OPTIONS, DELETE, PUT" max-age="86400" />
	</mvc:cors>
	
	<context:component-scan base-package="com.yaoa.dbxa"
		use-default-filters="false">
		<context:include-filter type="annotation" expression="org.springframework.stereotype.Controller" />
		 <context:include-filter type="annotation" expression="org.springframework.stereotype.Component"/>
		 <context:exclude-filter type="annotation" expression="org.springframework.stereotype.Service"/>
	</context:component-scan>
	
	<bean class="org.springframework.web.servlet.mvc.HttpRequestHandlerAdapter" />
		<bean
		class="org.springframework.web.servlet.mvc.method.annotation.RequestMappingHandlerAdapter">
		<property name="messageConverters">
			<list>
				<bean class="org.springframework.http.converter.ResourceHttpMessageConverter" />
				<bean class="org.springframework.http.converter.ByteArrayHttpMessageConverter"/>
				<bean class="org.springframework.http.converter.json.MappingJackson2HttpMessageConverter"></bean>
				<bean class="org.springframework.http.converter.StringHttpMessageConverter"></bean>
			</list>
		</property>
	</bean>
	
	<mvc:annotation-driven />
	
</beans>